status	path
M	.gitignore
M	Cargo.lock
M	Cargo.toml
M	atlas/dist/harp-atlas.html
M	atlas/dist/harp-atlas.receipt.json
M	atlas/src/app/math.test.ts
M	atlas/src/app/routes.test.ts
M	atlas/src/app/routes.ts
M	atlas/src/content/canonical.test.ts
M	atlas/src/content/contracts.ts
M	atlas/src/content/generated/corpus.json
M	atlas/src/content/types.ts
M	atlas/tests/static-export.test.mjs
A	content/crouzeix_textbook/compatibility_routes.json
A	content/crouzeix_textbook/coverage.json
A	content/crouzeix_textbook/exercises.json
M	crates/harp/Cargo.toml
M	crates/harp/src/context_control/episode.rs
M	crates/harp/src/corpus/contracts.rs
M	crates/harp/src/corpus/mod.rs
M	crates/harp/src/corpus/obsidian.rs
M	crates/harp/src/corpus/render.rs
M	crates/harp/src/corpus/tests.rs
A	crates/harp/src/crouzeix_textbook/contract.rs
A	crates/harp/src/crouzeix_textbook/diagnostic.rs
A	crates/harp/src/crouzeix_textbook/evidence.rs
A	crates/harp/src/crouzeix_textbook/lean.rs
A	crates/harp/src/crouzeix_textbook/markdown.rs
A	crates/harp/src/crouzeix_textbook/mod.rs
A	crates/harp/src/crouzeix_textbook/publish.rs
M	crates/harp/src/fs.rs
A	crates/harp/src/fs/descriptor.rs
A	crates/harp/src/fs/descriptor/secure.rs
A	crates/harp/src/fs/descriptor/unsupported.rs
A	crates/harp/src/fs/secure.rs
A	crates/harp/src/fs/unsupported.rs
M	crates/harp/src/lib.rs
M	crates/harp/src/main.rs
M	crates/harp/tests/cli.rs
A	crates/harp/tests/crouzeix_textbook.rs
A	crates/harp/tests/fixtures/crouzeix_textbook/valid/content/crouzeix_textbook/compatibility_routes.json
A	crates/harp/tests/fixtures/crouzeix_textbook/valid/content/crouzeix_textbook/coverage.json
A	crates/harp/tests/fixtures/crouzeix_textbook/valid/content/crouzeix_textbook/exercises.json
A	crates/harp/tests/fixtures/crouzeix_textbook/valid/fixture/Compile.lean
A	crates/harp/tests/fixtures/crouzeix_textbook/valid/knowledge/crouzeix_textbook/claim_evidence_ledger.md
A	crates/harp/tests/fixtures/crouzeix_textbook/valid/knowledge/crouzeix_textbook/part_01_linear_structure/01_objects_and_representations.md
A	crates/harp/tests/fixtures/crouzeix_textbook/valid/knowledge/crouzeix_textbook/part_01_linear_structure/02_vector_spaces_and_subspaces.md
A	crates/harp/tests/fixtures/crouzeix_textbook/valid/knowledge/crouzeix_textbook/reading_guide.md
A	crates/harp/tests/fixtures/crouzeix_textbook/valid/knowledge/crouzeix_textbook/source_registry.md
M	crates/harp/tests/lean_library.rs
A	crates/harp/tests/support/crouzeix_textbook_wave3_contract.rs
A	crates/harp/tests/support/crouzeix_textbook_wave4_contract.rs
M	docs/import-receipt.md
M	docs/product-contract.md
A	docs/superpowers/plans/2026-08-23-crouzeix-textbook-deepening-index.md
A	docs/superpowers/plans/2026-08-23-crouzeix-textbook-wave-0-publication-integrity.md
A	docs/superpowers/plans/2026-08-23-crouzeix-textbook-wave-1-chapter-33.md
A	docs/superpowers/plans/2026-08-23-crouzeix-textbook-wave-2-jin.md
A	docs/superpowers/plans/2026-08-23-crouzeix-textbook-wave-3-lorist-schwenninger.md
A	docs/superpowers/plans/2026-08-23-crouzeix-textbook-wave-4-common-machinery.md
A	docs/superpowers/plans/2026-08-23-crouzeix-textbook-wave-5-analysis-operator.md
A	docs/superpowers/plans/2026-08-23-crouzeix-textbook-wave-6-foundations.md
A	docs/superpowers/plans/2026-08-23-crouzeix-textbook.md
A	docs/superpowers/plans/2026-08-26-crouzeix-textbook-completion-issue-map.md
A	docs/superpowers/specs/2026-08-23-crouzeix-textbook-deepening-design.md
A	docs/superpowers/specs/2026-08-23-crouzeix-textbook-design.md
A	docs/superpowers/specs/2026-08-26-crouzeix-textbook-completion-prd.md
A	docs/superpowers/specs/2026-08-27-crouzeix-textbook-jin-route-contract.md
A	docs/superpowers/specs/2026-08-27-crouzeix-textbook-ls-comparison-contract.md
A	docs/superpowers/specs/2026-08-28-crouzeix-textbook-common-machinery-contract.md
M	formalization/lean/Crouzeix/Harp/Consequences.lean
M	formalization/lean/Crouzeix/Harp/FiniteAtomicDilation.lean
M	formalization/lean/Crouzeix/Harp/FiniteAtomicL2Dilation.lean
M	formalization/lean/Crouzeix/Harp/MainTheorem.lean
M	formalization/lean/CrouzeixConjecture/Sharpness.lean
A	formalization/lean/CrouzeixTextbook.lean
A	formalization/lean/CrouzeixTextbook/Correspondence.lean
A	formalization/lean/CrouzeixTextbook/ExportReceipt.lean
A	formalization/lean/CrouzeixTextbook/Part01/Chapter01.lean
A	formalization/lean/CrouzeixTextbook/Part01/Chapter02.lean
A	formalization/lean/CrouzeixTextbook/Part01/Chapter03.lean
A	formalization/lean/CrouzeixTextbook/Part01/Chapter04.lean
A	formalization/lean/CrouzeixTextbook/Part01/Chapter05.lean
A	formalization/lean/CrouzeixTextbook/Part01/Chapter06.lean
A	formalization/lean/CrouzeixTextbook/Part02/Chapter07.lean
A	formalization/lean/CrouzeixTextbook/Part02/Chapter08.lean
A	formalization/lean/CrouzeixTextbook/Part02/Chapter09.lean
A	formalization/lean/CrouzeixTextbook/Part02/Chapter10.lean
A	formalization/lean/CrouzeixTextbook/Part02/Chapter11.lean
A	formalization/lean/CrouzeixTextbook/Part02/Chapter12.lean
A	formalization/lean/CrouzeixTextbook/Part03/Chapter13.lean
A	formalization/lean/CrouzeixTextbook/Part03/Chapter14.lean
A	formalization/lean/CrouzeixTextbook/Part03/Chapter15.lean
A	formalization/lean/CrouzeixTextbook/Part03/Chapter16.lean
A	formalization/lean/CrouzeixTextbook/Part03/Chapter17.lean
A	formalization/lean/CrouzeixTextbook/Part03/Chapter18.lean
A	formalization/lean/CrouzeixTextbook/Part04/Chapter19.lean
A	formalization/lean/CrouzeixTextbook/Part04/Chapter20.lean
A	formalization/lean/CrouzeixTextbook/Part04/Chapter21.lean
A	formalization/lean/CrouzeixTextbook/Part04/Chapter22.lean
A	formalization/lean/CrouzeixTextbook/Part04/Chapter23.lean
A	formalization/lean/CrouzeixTextbook/Part04/Chapter24.lean
A	formalization/lean/CrouzeixTextbook/Part05/Chapter25.lean
A	formalization/lean/CrouzeixTextbook/Part05/Chapter26.lean
A	formalization/lean/CrouzeixTextbook/Part05/Chapter27.lean
A	formalization/lean/CrouzeixTextbook/Part05/Chapter28.lean
A	formalization/lean/CrouzeixTextbook/Part06/Chapter29.lean
A	formalization/lean/CrouzeixTextbook/Part06/Chapter30.lean
A	formalization/lean/CrouzeixTextbook/Part06/Chapter31.lean
A	formalization/lean/CrouzeixTextbook/Part06/Chapter32.lean
A	formalization/lean/CrouzeixTextbook/Part06/Chapter33.lean
A	formalization/lean/CrouzeixTextbook/Part06/Chapter34.lean
A	formalization/lean/CrouzeixTextbook/Part06/Chapter35.lean
M	formalization/lean/lakefile.toml
A	knowledge/crouzeix_textbook/claim_evidence_ledger.md
A	knowledge/crouzeix_textbook/crouzeix_textbook_index.md
A	knowledge/crouzeix_textbook/exercise_index.md
A	knowledge/crouzeix_textbook/lean_coverage_ledger.md
A	knowledge/crouzeix_textbook/notation_and_glossary.md
A	knowledge/crouzeix_textbook/part_01_linear_structure/01_objects_and_representations.md
A	knowledge/crouzeix_textbook/part_01_linear_structure/02_vector_spaces_and_subspaces.md
A	knowledge/crouzeix_textbook/part_01_linear_structure/03_linear_maps_and_exact_structure.md
A	knowledge/crouzeix_textbook/part_01_linear_structure/04_coordinates_and_duality.md
A	knowledge/crouzeix_textbook/part_01_linear_structure/05_determinants_trace_and_exterior_algebra.md
A	knowledge/crouzeix_textbook/part_01_linear_structure/06_eigenvalues_and_polynomial_algebra.md
A	knowledge/crouzeix_textbook/part_02_geometry_and_calculus/07_inner_product_spaces.md
A	knowledge/crouzeix_textbook/part_02_geometry_and_calculus/08_positive_operators_and_gram_geometry.md
A	knowledge/crouzeix_textbook/part_02_geometry_and_calculus/09_operator_norms_and_singular_values.md
A	knowledge/crouzeix_textbook/part_02_geometry_and_calculus/10_multilinear_maps_and_tensors.md
A	knowledge/crouzeix_textbook/part_02_geometry_and_calculus/11_differentiation_as_linear_approximation.md
A	knowledge/crouzeix_textbook/part_02_geometry_and_calculus/12_differential_forms_and_stokes.md
A	knowledge/crouzeix_textbook/part_03_analysis_and_complex_functions/13_metric_and_normed_spaces.md
A	knowledge/crouzeix_textbook/part_03_analysis_and_complex_functions/14_sequences_and_series_of_operators.md
A	knowledge/crouzeix_textbook/part_03_analysis_and_complex_functions/15_complex_differentiability.md
A	knowledge/crouzeix_textbook/part_03_analysis_and_complex_functions/16_consequences_of_cauchy_theory.md
A	knowledge/crouzeix_textbook/part_03_analysis_and_complex_functions/17_functions_of_matrices_and_operators.md
A	knowledge/crouzeix_textbook/part_03_analysis_and_complex_functions/18_positive_real_analytic_functions.md
A	knowledge/crouzeix_textbook/part_04_operator_theory/19_normality_and_nonnormality.md
A	knowledge/crouzeix_textbook/part_04_operator_theory/20_numerical_range.md
A	knowledge/crouzeix_textbook/part_04_operator_theory/21_spectral_sets.md
A	knowledge/crouzeix_textbook/part_04_operator_theory/22_positive_and_completely_positive_maps.md
A	knowledge/crouzeix_textbook/part_04_operator_theory/23_compression_and_dilation.md
A	knowledge/crouzeix_textbook/part_04_operator_theory/24_gramians_and_ordered_matrix_inequalities.md
A	knowledge/crouzeix_textbook/part_05_crouzeix_machinery/25_convex_boundaries_and_cauchy_layers.md
A	knowledge/crouzeix_textbook/part_05_crouzeix_machinery/26_double_layer_map.md
A	knowledge/crouzeix_textbook/part_05_crouzeix_machinery/27_one_plus_sqrt_two_barrier.md
A	knowledge/crouzeix_textbook/part_05_crouzeix_machinery/28_complete_power_family.md
A	knowledge/crouzeix_textbook/part_06_constant_two_routes/29_crouzeix_problem_and_sharpness.md
A	knowledge/crouzeix_textbook/part_06_constant_two_routes/30_jin_positive_real_completion.md
A	knowledge/crouzeix_textbook/part_06_constant_two_routes/31_jin_correction_cancellation.md
A	knowledge/crouzeix_textbook/part_06_constant_two_routes/32_jin_constant_two_endpoint.md
A	knowledge/crouzeix_textbook/part_06_constant_two_routes/33_lorist_schwenninger_perturbation_lemma.md
A	knowledge/crouzeix_textbook/part_06_constant_two_routes/34_lorist_schwenninger_realization.md
A	knowledge/crouzeix_textbook/part_06_constant_two_routes/35_comparison_verification_and_boundaries.md
A	knowledge/crouzeix_textbook/reading_guide.md
A	knowledge/crouzeix_textbook/source_registry.md
A	knowledge/crouzeix_textbook/status_and_scope.md
A	knowledge/crouzeix_textbook/theorem_dependency_map.md
M	labs/crouzeix_proof_reproduction/ls_receipts.py
M	labs/crouzeix_proof_reproduction/proof_evidence.py
M	labs/crouzeix_proof_reproduction/tests/test_ls_receipts.py
M	labs/crouzeix_proof_reproduction/tests/test_proof_evidence.py
M	mise.toml
M	scripts/check_lean_library.sh
M	.gitignore
A	tools/textbook_pdf/README.md
A	tools/textbook_pdf/book.css
A	tools/textbook_pdf/build.cjs
A	tools/textbook_pdf/build.test.cjs
A	tools/textbook_pdf/check_pdf.py
A	tools/textbook_pdf/package.json
