path	title	chars
acknowledgments.html	Structure and Interpretation of Classical Mechanics: Acknowledgments	4795
appendix001.html	Structure and Interpretation of Classical Mechanics: List of Exercises	803
bibliography001.html	Structure and Interpretation of Classical Mechanics: References	5970
book.html	Structure and Interpretation of Classical Mechanics	154
chapter001.html	Structure and Interpretation of Classical Mechanics: Chapter 1	214763
chapter002.html	Structure and Interpretation of Classical Mechanics: Chapter 2	127277
chapter003.html	Structure and Interpretation of Classical Mechanics Chapter 3	143929
chapter004.html	Structure and Interpretation of Classical Mechanics: Chapter 4	83460
chapter005.html	Structure and Interpretation of Classical Mechanics: Chapter 5	120488
chapter006.html	Structure and Interpretation of Classical Mechanics: Chapter 6	74696
chapter007.html	Structure and Interpretation of Classical Mechanics	59179
chapter008.html	Structure and Interpretation of Classical Mechanics: Chapter 8	15720
chapter009.html	Structure and Interpretation of Classical Mechanics: Chapter 9	24648
copyright.html	Structure and Interpretation of Classical Mechanics	1145
dedication001.html	Structure and Interpretation of Classical Mechanics: Dedication	911
index.html	Structure and Interpretation of Classical Mechanics: Index	51155
preface001.html	Structure and Interpretation of Classical Mechanics: Chapter 7	12704
titlepage.html	Structure and Interpretation of Classical Mechanics	329
toc.html	Structure and Interpretation of Classical Mechanics: Table of Contents	4228
