line	kind	chapter	input
14	input		./chapter/Cover.tex
15	input		./chapter/Title.tex
16	input		./chapter/CopyRight.tex
18	input		./chapter/Forward.tex
19	input		./chapter/Preface.tex
20	input		./chapter/ReTypeset_Note.tex
21	input		./chapter/Table_of_Contents.tex
25	chapter	Functions on Euclidean Space	
26	input	Functions on Euclidean Space	./chapter/chapter_01/NORM_AND_INNER_PRODUCT.tex
27	input	Functions on Euclidean Space	./chapter/chapter_01/SUBSETS_OF_EUCLIDEAN_SPACE.tex
28	input	Functions on Euclidean Space	./chapter/chapter_01/FUNCTIONS_AND_CONTINUITY.tex
30	chapter	Differentiation	
31	input	Differentiation	./chapter/chapter_02/BASIC_DEFINITIONS.tex
32	input	Differentiation	./chapter/chapter_02/BASIC_THEOREMS.tex
33	input	Differentiation	./chapter/chapter_02/PARTIAL_DERIVATIVES.tex
34	input	Differentiation	./chapter/chapter_02/DERIVATIVES.tex
35	input	Differentiation	./chapter/chapter_02/INVERSE_FUNCTIONS.tex
36	input	Differentiation	./chapter/chapter_02/IMPLICIT_FUNCTIONS.tex
37	input	Differentiation	./chapter/chapter_02/NOTATION.tex
39	chapter	Integration	
40	input	Integration	./chapter/chapter_03/BASIC_DEFINITIONS.tex
41	input	Integration	./chapter/chapter_03/MEASURE_ZERO_AND_CONTENT_ZERO.tex
42	input	Integration	./chapter/chapter_03/INTEGRABLE_FUNCTIONS.tex
43	input	Integration	./chapter/chapter_03/FUBINI'S_THEOREM.tex
44	input	Integration	./chapter/chapter_03/PARTITIONS_OF_UNITY.tex
45	input	Integration	./chapter/chapter_03/CHANGE_OF_VARIABLE.tex
47	chapter	Integration on Chains	
48	input	Integration on Chains	./chapter/chapter_04/ALGEBRAIC_PRELIMINARIES.tex
49	input	Integration on Chains	./chapter/chapter_04/FIELDS_AND_FORMS.tex
50	input	Integration on Chains	./chapter/chapter_04/GEOMETRIC_PRELIMINARIES.tex
51	input	Integration on Chains	./chapter/chapter_04/THE_FUNDAMENTAL_THEOREM_OF_CALCULUS.tex
53	chapter	Integration on Manifolds	
54	input	Integration on Manifolds	./chapter/chapter_05/MANIFOLDS.tex
55	input	Integration on Manifolds	./chapter/chapter_05/FIELDS_AND_FORMS_ON_MANIFOLDS.tex
56	input	Integration on Manifolds	./chapter/chapter_05/STOKES'_THEOREM_ON_MANIFOLDS.tex
57	input	Integration on Manifolds	./chapter/chapter_05/THE_VOLUME_ELEMENT.tex
58	input	Integration on Manifolds	./chapter/chapter_05/THE_CLASSICAL_THEOREMS.tex
63	input	Integration on Manifolds	./chapter/Addenda.tex
64	input	Integration on Manifolds	./chapter/Bibliography.tex
65	input	Integration on Manifolds	./chapter/Index.tex
