line	import
1	Analysis.Section_2_1
2	Analysis.Section_2_2
3	Analysis.Section_2_3
4	Analysis.Section_2_epilogue
5	Analysis.Section_3_1
6	Analysis.Section_3_2
7	Analysis.Section_3_3
8	Analysis.Section_3_4
9	Analysis.Section_3_5
10	Analysis.Section_3_6
11	Analysis.Section_3_epilogue
12	Analysis.Section_4_1
13	Analysis.Section_4_2
14	Analysis.Section_4_3
15	Analysis.Section_4_4
16	Analysis.Section_5_1
17	Analysis.Section_5_2
18	Analysis.Section_5_3
19	Analysis.Section_5_4
20	Analysis.Section_5_5
21	Analysis.Section_5_6
22	Analysis.Section_5_epilogue
23	Analysis.Section_6_1
24	Analysis.Section_6_2
25	Analysis.Section_6_3
26	Analysis.Section_6_4
27	Analysis.Section_6_5
28	Analysis.Section_6_6
29	Analysis.Section_6_7
30	Analysis.Section_6_epilogue
31	Analysis.Section_7_1
32	Analysis.Section_7_2
33	Analysis.Section_7_3
34	Analysis.Section_7_4
35	Analysis.Section_7_5
36	Analysis.Section_8_1
37	Analysis.Section_8_2
38	Analysis.Section_8_3
39	Analysis.Section_8_4
40	Analysis.Section_8_5
41	Analysis.Section_9_1
42	Analysis.Section_9_2
43	Analysis.Section_9_3
44	Analysis.Section_9_4
45	Analysis.Section_9_5
46	Analysis.Section_9_6
47	Analysis.Section_9_7
48	Analysis.Section_9_8
49	Analysis.Section_9_9
50	Analysis.Section_9_10
51	Analysis.Section_10_1
52	Analysis.Section_10_2
53	Analysis.Section_10_3
54	Analysis.Section_10_4
55	Analysis.Section_10_5
56	Analysis.Section_11_1
57	Analysis.Section_11_2
58	Analysis.Section_11_3
59	Analysis.Section_11_4
60	Analysis.Section_11_5
61	Analysis.Section_11_6
62	Analysis.Section_11_7
63	Analysis.Section_11_8
64	Analysis.Section_11_9
65	Analysis.Section_11_10
66	Analysis.Appendix_A_1
67	Analysis.Appendix_A_2
68	Analysis.Appendix_A_3
69	Analysis.Appendix_A_4
70	Analysis.Appendix_A_5
71	Analysis.Appendix_A_6
72	Analysis.Appendix_A_7
73	Analysis.Appendix_B_1
74	Analysis.Appendix_B_2
76	Analysis.Misc.UnitsSystem
77	Analysis.Misc.UnitsSystemExamples
78	Analysis.Misc.SI
79	Analysis.Misc.SIExamples
80	Analysis.Misc.FiniteChoice
81	Analysis.Misc.Probability
82	Analysis.Misc.erdos_379
83	Analysis.Misc.erdos_613
84	Analysis.Misc.erdos_707
85	Analysis.Misc.erdos_987
87	Analysis.MeasureTheory.Notation
88	Analysis.MeasureTheory.Section_1_1_1
89	Analysis.MeasureTheory.Section_1_1_2
90	Analysis.MeasureTheory.Section_1_1_3
91	Analysis.MeasureTheory.Section_1_2_0
92	Analysis.MeasureTheory.Section_1_2_1
93	Analysis.MeasureTheory.Section_1_2_2
94	Analysis.MeasureTheory.Section_1_2_3
95	Analysis.MeasureTheory.Section_1_3_1
96	Analysis.MeasureTheory.Section_1_3_2
97	Analysis.MeasureTheory.Section_1_3_3
98	Analysis.MeasureTheory.Section_1_3_4
99	Analysis.MeasureTheory.Section_1_3_5
